{
  "Tangram": {
    "has_overwrap": false,
    "polygon": {
      "poly1": [
        [0.0000000000000000, 0.0000000000000000],
        [2.0000000000000000, 0.0000000000000000],
        [3.0000000000000000, 1.0000000000000000],
        [1.0000000000000000, 1.0000000000000000]],
      "poly2": [
        [1.0000000000000000, 1.0000000000000000],
        [3.0000000000000000, 1.0000000000000000],
        [2.0000000000000000, 2.0000000000000000]],
      "poly3": [
        [2.0000000000000000, 0.0000000000000000],
        [4.0000000000000000, 0.0000000000000000],
        [4.0000000000000000, 2.0000000000000000]],
      "poly4": [
        [3.0000000000000000, 1.0000000000000000],
        [4.0000000000000000, 2.0000000000000000],
        [3.0000000000000000, 3.0000000000000000],
        [2.0000000000000000, 2.0000000000000000]],
      "poly5": [
        [4.0000000000000000, 2.0000000000000000],
        [4.0000000000000000, 4.0000000000000000],
        [3.0000000000000000, 3.0000000000000000]],
      "poly6": [
        [0.0000000000000000, 0.0000000000000000],
        [2.0000000000000000, 2.0000000000000000],
        [0.0000000000000000, 4.0000000000000000]],
      "poly7": [
        [2.0000000000000000, 2.0000000000000000],
        [4.0000000000000000, 4.0000000000000000],
        [0.0000000000000000, 4.0000000000000000]]
    }
  }
}
