{
  "T-puzzle": {
    "has_overwrap": false,
    "polygon": {
      "poly1": [
        [0.0000000000000000, 0.0000000000000000],
        [2.8284271247461903, 0.0000000000000000],
        [2.1213203435596430, 0.7071067811865476],
        [2.4142135623730950, 1.0000000000000000],
        [1.0000000000000000, 1.0000000000000000]],
      "poly2": [
        [2.8284271247461903, 0.0000000000000000],
        [2.8284271247461903, 1.4142135623730951],
        [2.1213203435596430, 0.7071067811865476]],
      "poly3": [
        [1.0000000000000000, 1.0000000000000000],
        [2.4142135623730950, 1.0000000000000000],
        [2.8284271247461903, 1.4142135623730951],
        [2.1213203435596430, 2.1213203435596430]],
      "poly4": [
        [0.0000000000000000, 0.0000000000000000],
        [2.1213203435596430, 2.1213203435596430],
        [1.4142135623730951, 2.8284271247461903],
        [0.0000000000000000, 1.4142135623730951]]
    }
  }
}
